{
  "metrics": {
    "roc_auc": 0.9793829116122668,
    "precision": 0.9712230215827338,
    "recall": 0.9060402684563759
  },
  "confusion_matrix": {
    "labels": [
      "ham",
      "spam"
    ],
    "matrix": [
      [
        962,
        4
      ],
      [
        14,
        135
      ]
    ]
  },
  "n_test_samples": 1115
}