{
  "metrics": {
    "roc_auc": 0.9978983422957745,
    "precision": 1.0,
    "recall": 0.9664429530201343
  },
  "confusion_matrix": {
    "labels": [
      "ham",
      "spam"
    ],
    "matrix": [
      [
        966,
        0
      ],
      [
        5,
        144
      ]
    ]
  },
  "n_test_samples": 1115
}